{"accuracy": [0.2853573262691498, 0.567716121673584, 0.7061469554901123, 0.7706146836280823, 0.8180909752845764, 0.8310844302177429, 0.8825587034225464, 0.908545732498169, 0.9255372285842896, 0.9440279603004456, 0.929035484790802, 0.9365317225456238, 0.9545227289199829, 0.9590204954147339, 0.9735132455825806, 0.9715142250061035, 0.9760119915008545, 0.9855072498321533, 0.9835082292556763, 0.9875062704086304, 0.9745127558708191, 0.9785107374191284, 0.9825087189674377, 0.9860069751739502, 0.9850075244903564, 0.9885057210922241, 0.9915042519569397, 0.9925037622451782], "loss": [2.299204111099243, 1.4283498525619507, 1.0496541261672974, 0.7905417084693909, 0.6427541971206665, 0.5916927456855774, 0.4516237676143646, 0.3698883354663849, 0.3299320638179779, 0.2972905933856964, 0.31313735246658325, 0.27422115206718445, 0.23098041117191315, 0.18868803977966309, 0.1594010889530182, 0.14531207084655762, 0.13560330867767334, 0.11422111839056015, 0.11496248841285706, 0.09781704843044281, 0.127102330327034, 0.12340819835662842, 0.10487116128206253, 0.09496431052684784, 0.08351973444223404, 0.07704634219408035, 0.06144660711288452, 0.05516885221004486], "val_accuracy": [0.279720276594162, 0.38461539149284363, 0.46853145956993103, 0.6993007063865662, 0.7902097702026367, 0.6783216595649719, 0.7762237787246704, 0.7552447319030762, 0.8461538553237915, 0.881118893623352, 0.7832167744636536, 0.6363636255264282, 0.7272727489471436, 0.8181818127632141, 0.8391608595848083, 0.8041958212852478, 0.8741258978843689, 0.9230769276618958, 0.9300699234008789, 0.9440559148788452, 0.6433566212654114, 0.7342657446861267, 0.6573426723480225, 0.7062937021255493, 0.881118893623352, 0.7552447319030762, 0.8181818127632141, 0.9230769276618958], "val_loss": [2.6209819316864014, 2.07253098487854, 1.6845229864120483, 0.9658946990966797, 0.7187438011169434, 0.9871178269386292, 0.6271873712539673, 0.6096293330192566, 0.436862051486969, 0.3917391896247864, 0.6935274600982666, 1.1912076473236084, 0.9447124004364014, 0.4567537009716034, 0.4588911235332489, 0.5575675964355469, 0.3217092454433441, 0.2298734486103058, 0.22167205810546875, 0.21089451014995575, 1.0225316286087036, 0.7243576049804688, 1.0044453144073486, 1.0597695112228394, 0.44986122846603394, 1.0070757865905762, 0.6279457211494446, 0.2887691855430603]}